filename,width,height,class,xmin,ymin,xmax,ymax
boat0.png,466,418,boat,282,205,333,273
boat1.png,400,362,boat,194,128,266,185
boat1.png,400,362,boat,169,170,189,187
boat10.png,400,243,boat,236,19,249,32
boat10.png,400,243,boat,244,68,253,83
boat10.png,400,243,boat,276,33,290,52
boat10.png,400,243,boat,341,6,351,22
boat10.png,400,243,boat,340,58,350,73
boat10.png,400,243,boat,327,103,341,124
boat10.png,400,243,boat,266,117,278,133
boat10.png,400,243,boat,384,115,394,131
boat100.png,560,498,boat,190,172,262,215
boat101.png,522,478,boat,253,171,331,319
boat102.png,456,432,boat,192,94,270,153
boat103.png,400,252,boat,280,93,298,103
boat103.png,400,252,boat,227,174,233,180
boat104.png,594,584,boat,196,256,409,302
boat105.png,588,548,boat,182,105,357,286
boat106.png,350,326,boat,90,76,159,138
boat107.png,540,524,boat,429,319,460,364
boat107.png,540,524,boat,312,76,353,148
boat107.png,540,524,boat,421,62,442,104
boat107.png,540,524,boat,446,60,471,105
boat107.png,540,524,boat,479,51,513,129
boat108.png,424,422,boat,165,175,268,274
boat109.png,322,314,boat,88,85,170,178
boat11.png,400,369,boat,161,126,165,132
boat11.png,400,369,boat,246,215,252,222
boat110.png,400,243,boat,336,217,341,219
boat110.png,400,243,boat,330,215,340,218
boat110.png,400,243,boat,341,216,344,217
boat110.png,400,243,boat,340,214,346,216
boat110.png,400,243,boat,340,210,345,212
boat110.png,400,243,boat,333,210,339,212
boat110.png,400,243,boat,341,206,348,209
boat110.png,400,243,boat,345,200,349,202
boat110.png,400,243,boat,342,193,345,202
boat110.png,400,243,boat,326,194,340,198
boat110.png,400,243,boat,337,189,344,191
boat110.png,400,243,boat,270,161,300,169
boat110.png,400,243,boat,238,164,268,172
boat110.png,400,243,boat,239,172,261,179
boat110.png,400,243,boat,360,94,395,103
boat110.png,400,243,boat,305,98,338,106
boat110.png,400,243,boat,189,172,201,187
boat110.png,400,243,boat,49,202,71,231
boat110.png,400,243,boat,96,133,115,148
boat110.png,400,243,boat,66,124,99,134
boat111.png,452,430,boat,145,132,284,229
boat112.png,472,436,boat,82,259,205,386
boat113.png,352,262,boat,185,144,224,195
boat114.png,400,356,boat,253,179,255,183
boat114.png,400,356,boat,322,128,331,136
boat114.png,400,356,boat,38,257,41,259
boat115.png,400,312,boat,253,96,291,158
boat116.png,554,526,boat,127,155,269,223
boat117.png,380,400,boat,163,291,214,375
boat118.png,424,402,boat,231,164,293,197
boat119.png,400,373,boat,181,110,208,141
boat119.png,400,373,boat,282,223,312,253
boat12.png,390,374,boat,70,169,206,216
boat120.png,360,364,boat,292,152,325,171
boat121.png,318,314,boat,174,58,208,114
boat122.png,400,369,boat,65,92,80,151
boat122.png,400,369,boat,286,304,296,310
boat122.png,400,369,boat,81,51,88,58
boat123.png,400,386,boat,162,78,212,245
boat124.png,400,243,boat,328,81,336,97
boat124.png,400,243,boat,186,97,197,111
boat124.png,400,243,boat,199,99,325,135
boat124.png,400,243,boat,67,132,172,157
boat125.png,400,243,boat,212,91,243,108
boat125.png,400,243,boat,209,123,234,134
boat126.png,400,337,boat,144,144,255,210
boat127.png,456,430,boat,173,141,258,247
boat128.png,380,368,boat,96,64,232,260
boat129.png,442,424,boat,279,277,339,315
boat13.png,424,432,boat,111,133,283,276
boat130.png,387,400,boat,137,120,312,324
boat131.png,462,428,boat,73,79,353,221
boat132.png,400,374,boat,118,199,209,254
boat132.png,400,374,boat,178,156,262,199
boat132.png,400,374,boat,136,74,213,120
boat133.png,400,243,boat,269,32,282,42
boat134.png,468,476,boat,122,102,244,182
boat135.png,372,336,boat,260,183,307,286
boat136.png,400,309,boat,143,69,391,234
boat137.png,400,369,boat,162,103,197,228
boat137.png,400,369,boat,33,45,37,48
boat138.png,400,367,boat,145,109,218,219
boat139.png,414,364,boat,208,159,281,188
boat14.png,400,382,boat,151,155,243,231
boat140.png,506,542,boat,124,263,179,330
boat140.png,506,542,boat,284,75,330,125
boat141.png,400,369,boat,27,17,33,19
boat142.png,400,252,boat,211,218,226,222
boat142.png,400,252,boat,304,157,315,166
boat142.png,400,252,boat,131,83,142,94
boat142.png,400,252,boat,120,94,128,109
boat142.png,400,252,boat,86,137,92,151
boat142.png,400,252,boat,21,125,30,131
boat143.png,568,544,boat,256,223,375,361
boat144.png,389,400,boat,172,109,222,232
boat145.png,540,524,boat,479,55,514,129
boat145.png,540,524,boat,445,62,474,107
boat145.png,540,524,boat,416,59,442,104
boat145.png,540,524,boat,309,71,351,150
boat146.png,400,252,boat,97,169,111,204
boat146.png,400,252,boat,361,149,395,158
boat146.png,400,252,boat,381,161,394,166
boat146.png,400,252,boat,363,160,376,165
boat146.png,400,252,boat,363,165,376,171
boat146.png,400,252,boat,364,172,376,177
boat146.png,400,252,boat,380,172,394,178
boat146.png,400,252,boat,381,178,394,183
boat146.png,400,252,boat,365,178,375,182
boat146.png,400,252,boat,362,184,375,189
boat146.png,400,252,boat,380,184,394,189
boat146.png,400,252,boat,380,190,392,194
boat146.png,400,252,boat,362,189,376,194
boat146.png,400,252,boat,361,195,375,200
boat146.png,400,252,boat,380,196,392,200
boat146.png,400,252,boat,363,201,375,205
boat146.png,400,252,boat,380,202,392,206
boat146.png,400,252,boat,379,207,390,211
boat146.png,400,252,boat,364,207,375,211
boat146.png,400,252,boat,361,212,376,217
boat146.png,400,252,boat,379,211,394,217
boat146.png,400,252,boat,379,218,392,223
boat146.png,400,252,boat,360,218,374,223
boat146.png,400,252,boat,363,224,375,228
boat146.png,400,252,boat,379,223,381,227
boat146.png,400,252,boat,380,224,393,229
boat146.png,400,252,boat,379,230,393,235
boat146.png,400,252,boat,364,229,373,233
boat146.png,400,252,boat,372,242,375,246
boat146.png,400,252,boat,361,241,373,245
boat146.png,400,252,boat,379,242,392,246
boat146.png,400,252,boat,378,247,391,251
boat146.png,400,252,boat,333,235,345,238
boat146.png,400,252,boat,334,240,345,244
boat146.png,400,252,boat,333,246,345,250
boat146.png,400,252,boat,332,229,345,233
boat146.png,400,252,boat,332,222,346,227
boat146.png,400,252,boat,334,217,345,222
boat146.png,400,252,boat,333,212,345,216
boat146.png,400,252,boat,334,205,347,210
boat146.png,400,252,boat,332,199,347,204
boat146.png,400,252,boat,334,194,346,198
boat146.png,400,252,boat,334,188,346,193
boat146.png,400,252,boat,334,183,346,187
boat146.png,400,252,boat,334,176,347,181
boat146.png,400,252,boat,334,172,347,176
boat146.png,400,252,boat,333,165,348,170
boat146.png,400,252,boat,334,159,348,164
boat146.png,400,252,boat,333,152,347,158
boat146.png,400,252,boat,317,159,328,163
boat146.png,400,252,boat,317,165,330,170
boat146.png,400,252,boat,319,172,329,176
boat146.png,400,252,boat,317,177,329,181
boat146.png,400,252,boat,318,183,330,188
boat146.png,400,252,boat,318,188,330,192
boat146.png,400,252,boat,316,194,329,198
boat146.png,400,252,boat,317,199,328,204
boat146.png,400,252,boat,316,204,329,210
boat146.png,400,252,boat,317,210,329,215
boat146.png,400,252,boat,317,217,328,221
boat146.png,400,252,boat,317,222,329,227
boat146.png,400,252,boat,317,228,329,233
boat146.png,400,252,boat,318,234,328,238
boat146.png,400,252,boat,314,239,328,244
boat146.png,400,252,boat,313,245,328,249
boat146.png,400,252,boat,287,200,298,243
boat146.png,400,252,boat,280,157,286,160
boat146.png,400,252,boat,288,164,300,193
boat146.png,400,252,boat,276,160,286,189
boat146.png,400,252,boat,277,191,285,215
boat146.png,400,252,boat,273,216,284,245
boat146.png,400,252,boat,242,186,258,226
boat146.png,400,252,boat,230,240,237,245
boat146.png,400,252,boat,220,176,240,240
boat146.png,400,252,boat,197,163,208,190
boat146.png,400,252,boat,196,202,210,239
boat146.png,400,252,boat,182,235,192,240
boat146.png,400,252,boat,184,230,193,235
boat146.png,400,252,boat,183,214,192,219
boat146.png,400,252,boat,179,208,194,213
boat146.png,400,252,boat,179,203,192,208
boat146.png,400,252,boat,180,197,193,202
boat146.png,400,252,boat,181,192,193,196
boat146.png,400,252,boat,176,184,193,190
boat146.png,400,252,boat,180,179,192,184
boat146.png,400,252,boat,179,173,194,178
boat146.png,400,252,boat,181,166,192,171
boat146.png,400,252,boat,178,155,200,164
boat146.png,400,252,boat,159,165,166,183
boat146.png,400,252,boat,159,198,164,211
boat146.png,400,252,boat,144,182,155,218
boat146.png,400,252,boat,139,210,144,223
boat146.png,400,252,boat,134,206,140,224
boat146.png,400,252,boat,126,210,132,225
boat146.png,400,252,boat,113,182,126,227
boat146.png,400,252,boat,115,169,120,181
boat146.png,400,252,boat,58,220,109,230
boat146.png,400,252,boat,65,230,119,243
boat146.png,400,252,boat,257,99,278,106
boat146.png,400,252,boat,257,93,278,99
boat146.png,400,252,boat,233,94,242,119
boat146.png,400,252,boat,139,84,150,126
boat146.png,400,252,boat,130,88,140,120
boat147.png,388,418,boat,237,62,257,97
boat147.png,388,418,boat,66,125,103,155
boat147.png,388,418,boat,221,218,256,272
boat148.png,400,384,boat,60,58,236,264
boat149.png,381,400,boat,255,322,283,332
boat149.png,381,400,boat,292,276,331,289
boat149.png,381,400,boat,313,242,369,264
boat149.png,381,400,boat,162,229,300,265
boat15.png,228,208,boat,100,86,158,121
boat150.png,530,494,boat,142,292,182,334
boat150.png,530,494,boat,144,139,220,295
boat151.png,296,268,boat,188,113,231,204
boat152.png,386,384,boat,181,44,214,121
boat152.png,386,384,boat,106,97,135,170
boat153.png,486,450,boat,241,213,329,269
boat154.png,400,376,boat,134,166,184,217
boat155.png,292,266,boat,114,93,192,194
boat156.png,400,369,boat,366,232,376,249
boat156.png,400,369,boat,43,182,51,190
boat157.png,416,392,boat,178,164,237,219
boat158.png,386,378,boat,193,173,295,265
boat159.png,336,382,boat,46,149,137,223
boat16.png,400,389,boat,115,108,298,242
boat160.png,322,314,boat,93,87,171,178
boat161.png,524,480,boat,174,75,209,225
boat162.png,400,381,boat,168,84,220,231
boat163.png,556,552,boat,183,148,321,292
boat164.png,524,498,boat,183,195,214,266
boat165.png,326,254,boat,115,71,168,123
boat166.png,380,428,boat,235,63,303,104
boat166.png,380,428,boat,211,162,265,193
boat167.png,398,360,boat,128,114,198,215
boat168.png,396,348,boat,181,137,232,211
boat168.png,396,348,boat,310,0,348,36
boat169.png,410,420,boat,69,104,119,188
boat17.png,294,258,boat,83,108,127,158
boat170.png,508,510,boat,248,200,358,287
boat171.png,395,400,boat,132,116,218,215
boat172.png,486,434,boat,183,116,259,214
boat173.png,372,368,boat,225,223,263,249
boat174.png,399,400,boat,259,172,300,327
boat175.png,488,476,boat,184,129,251,263
boat176.png,400,400,boat,226,90,332,170
boat176.png,400,400,boat,197,133,313,216
boat176.png,400,400,boat,52,119,250,244
boat177.png,374,332,boat,141,139,233,171
boat178.png,400,252,boat,209,216,231,226
boat178.png,400,252,boat,304,158,317,169
boat178.png,400,252,boat,15,121,31,134
boat178.png,400,252,boat,120,95,129,112
boat178.png,400,252,boat,82,132,93,152
boat178.png,400,252,boat,130,84,142,95
boat179.png,592,558,boat,62,143,195,190
boat179.png,592,558,boat,512,155,555,280
boat179.png,592,558,boat,341,92,394,186
boat18.png,346,302,boat,199,158,233,229
boat180.png,400,243,boat,170,87,240,123
boat181.png,456,436,boat,173,153,238,207
boat181.png,456,436,boat,145,192,164,209
boat182.png,400,385,boat,72,65,288,205
boat183.png,196,182,boat,85,82,129,109
boat184.png,294,244,boat,133,119,208,186
boat185.png,400,243,boat,80,148,95,168
boat185.png,400,243,boat,337,69,345,84
boat186.png,400,243,boat,260,208,285,222
boat187.png,400,339,boat,181,174,260,240
boat188.png,524,456,boat,196,198,243,253
boat189.png,504,440,boat,229,186,272,207
boat19.png,400,398,boat,86,81,285,173
boat190.png,400,243,boat,30,120,36,137
boat190.png,400,243,boat,30,90,36,112
boat190.png,400,243,boat,50,81,64,142
boat190.png,400,243,boat,51,175,57,188
boat190.png,400,243,boat,67,177,70,188
boat190.png,400,243,boat,81,185,84,188
boat190.png,400,243,boat,67,166,71,177
boat190.png,400,243,boat,78,171,84,186
boat190.png,400,243,boat,90,176,95,178
boat190.png,400,243,boat,90,161,96,176
boat190.png,400,243,boat,89,182,94,194
boat190.png,400,243,boat,90,196,93,205
boat190.png,400,243,boat,90,206,93,216
boat190.png,400,243,boat,121,96,125,104
boat190.png,400,243,boat,119,43,131,89
boat190.png,400,243,boat,154,130,158,138
boat190.png,400,243,boat,160,127,164,140
boat191.png,400,374,boat,130,245,175,296
boat191.png,400,374,boat,256,96,294,135
boat192.png,430,428,boat,234,164,298,196
boat193.png,390,358,boat,140,163,235,225
boat194.png,422,384,boat,117,204,231,251
boat195.png,482,470,boat,192,155,247,187
boat196.png,400,392,boat,161,157,210,216
boat197.png,400,377,boat,129,102,174,207
boat198.png,400,394,boat,58,171,209,301
boat198.png,400,394,boat,229,67,328,145
boat199.png,400,369,boat,282,32,304,91
boat199.png,400,369,boat,67,296,89,355
boat2.png,518,482,boat,216,194,328,301
boat20.png,366,368,boat,94,43,169,107
boat200.png,382,378,boat,135,107,231,151
boat201.png,500,498,boat,284,213,469,382
boat202.png,454,462,boat,105,97,193,199
boat203.png,430,430,boat,347,150,423,260
boat203.png,430,430,boat,208,203,287,309
boat204.png,400,400,boat,307,81,385,171
boat204.png,400,400,boat,162,58,257,150
boat204.png,400,400,boat,70,46,173,150
boat205.png,346,286,boat,179,181,228,242
boat206.png,330,330,boat,173,159,209,229
boat207.png,272,276,boat,97,127,140,200
boat208.png,428,414,boat,170,269,248,308
boat209.png,500,466,boat,159,152,203,238
boat21.png,400,342,boat,151,112,179,146
boat210.png,454,446,boat,165,155,240,186
boat211.png,574,532,boat,263,175,327,272
boat211.png,574,532,boat,100,141,181,215
boat212.png,312,292,boat,165,69,189,126
boat212.png,312,292,boat,109,180,131,234
boat213.png,492,456,boat,157,228,263,351
boat214.png,368,350,boat,72,72,116,94
boat215.png,400,356,boat,97,174,100,175
boat215.png,400,356,boat,233,195,237,198
boat215.png,400,356,boat,296,157,302,160
boat215.png,400,356,boat,281,126,286,128
boat215.png,400,356,boat,68,106,71,110
boat216.png,504,440,boat,155,112,239,140
boat217.png,400,386,boat,116,96,216,197
boat218.png,400,369,boat,327,95,339,151
boat219.png,454,414,boat,38,30,147,99
boat22.png,400,356,boat,372,326,380,330
boat22.png,400,356,boat,309,324,314,329
boat22.png,400,356,boat,191,279,197,283
boat22.png,400,356,boat,178,189,182,193
boat22.png,400,356,boat,247,117,253,123
boat22.png,400,356,boat,78,147,87,153
boat220.png,510,516,boat,197,226,218,260
boat220.png,510,516,boat,11,259,89,296
boat220.png,510,516,boat,95,187,167,253
boat220.png,510,516,boat,108,69,200,139
boat221.png,400,243,boat,37,218,64,235
boat221.png,400,243,boat,45,219,53,224
boat221.png,400,243,boat,90,136,114,168
boat221.png,400,243,boat,107,120,130,158
boat221.png,400,243,boat,324,163,347,171
boat221.png,400,243,boat,324,157,348,167
boat221.png,400,243,boat,349,158,373,178
boat221.png,400,243,boat,389,159,400,163
boat221.png,400,243,boat,320,101,348,109
boat221.png,400,243,boat,386,71,392,79
boat221.png,400,243,boat,376,82,386,96
boat221.png,400,243,boat,13,30,44,42
boat221.png,400,243,boat,13,22,51,38
boat222.png,412,374,boat,190,147,228,219
boat223.png,516,444,boat,243,191,303,224
boat224.png,398,400,boat,143,100,216,348
boat225.png,400,312,boat,182,35,190,45
boat225.png,400,312,boat,169,79,193,97
boat225.png,400,312,boat,169,92,202,115
boat225.png,400,312,boat,177,115,201,134
boat225.png,400,312,boat,183,152,213,175
boat225.png,400,312,boat,191,167,222,191
boat225.png,400,312,boat,193,193,216,213
boat225.png,400,312,boat,202,210,228,230
boat226.png,400,384,boat,173,84,278,198
boat227.png,400,369,boat,173,181,177,185
boat227.png,400,369,boat,360,126,368,132
boat227.png,400,369,boat,277,251,282,256
boat227.png,400,369,boat,14,197,19,201
boat227.png,400,369,boat,19,53,24,55
boat228.png,490,464,boat,248,158,299,242
boat228.png,490,464,boat,72,103,126,190
boat229.png,266,332,boat,117,32,190,91
boat23.png,568,556,boat,221,173,417,263
boat230.png,400,243,boat,66,77,95,135
boat231.png,400,356,boat,92,172,100,178
boat231.png,400,356,boat,275,123,286,132
boat231.png,400,356,boat,292,153,302,163
boat231.png,400,356,boat,232,192,241,201
boat232.png,542,508,boat,248,194,344,291
boat233.png,476,472,boat,227,203,353,254
boat235.png,410,378,boat,63,48,92,106
boat235.png,410,378,boat,187,263,222,302
boat236.png,400,243,boat,83,197,88,205
boat236.png,400,243,boat,383,45,387,48
boat236.png,400,243,boat,275,71,281,83
boat236.png,400,243,boat,297,80,306,92
boat236.png,400,243,boat,304,124,312,135
boat236.png,400,243,boat,233,109,241,119
boat236.png,400,243,boat,236,81,245,95
boat236.png,400,243,boat,216,94,225,104
boat236.png,400,243,boat,213,10,220,20
boat236.png,400,243,boat,175,24,182,36
boat236.png,400,243,boat,171,69,181,81
boat236.png,400,243,boat,173,104,183,112
boat236.png,400,243,boat,160,50,167,61
boat236.png,400,243,boat,132,73,143,77
boat236.png,400,243,boat,157,89,167,96
boat236.png,400,243,boat,113,94,124,107
boat236.png,400,243,boat,137,110,152,116
boat236.png,400,243,boat,123,130,132,134
boat236.png,400,243,boat,108,133,115,137
boat236.png,400,243,boat,163,122,174,127
boat236.png,400,243,boat,151,139,160,143
boat236.png,400,243,boat,216,137,228,145
boat236.png,400,243,boat,238,147,245,157
boat236.png,400,243,boat,201,177,209,186
boat236.png,400,243,boat,166,157,175,161
boat236.png,400,243,boat,175,181,182,189
boat236.png,400,243,boat,229,224,235,234
boat236.png,400,243,boat,131,146,140,150
boat236.png,400,243,boat,133,164,142,168
boat236.png,400,243,boat,141,181,150,185
boat236.png,400,243,boat,123,186,128,192
boat236.png,400,243,boat,111,152,119,155
boat236.png,400,243,boat,95,153,104,158
boat236.png,400,243,boat,77,162,86,174
boat236.png,400,243,boat,101,175,110,185
boat236.png,400,243,boat,105,198,111,210
boat236.png,400,243,boat,124,203,130,214
boat236.png,400,243,boat,114,220,119,229
boat236.png,400,243,boat,105,219,107,224
boat236.png,400,243,boat,101,218,104,224
boat236.png,400,243,boat,98,217,101,227
boat236.png,400,243,boat,87,216,90,221
boat236.png,400,243,boat,81,214,84,219
boat236.png,400,243,boat,77,213,80,220
boat236.png,400,243,boat,62,210,67,218
boat236.png,400,243,boat,59,208,63,216
boat236.png,400,243,boat,78,192,83,204
boat236.png,400,243,boat,70,191,77,203
boat236.png,400,243,boat,60,185,70,198
boat236.png,400,243,boat,32,137,41,148
boat236.png,400,243,boat,23,150,34,166
boat236.png,400,243,boat,16,169,24,182
boat237.png,400,243,boat,261,208,284,218
boat238.png,588,532,boat,182,181,254,225
boat239.png,456,430,boat,166,135,263,249
boat24.png,514,520,boat,166,168,269,211
boat24.png,514,520,boat,158,212,245,251
boat240.png,514,474,boat,128,71,273,192
boat241.png,476,468,boat,266,312,352,402
boat241.png,476,468,boat,110,165,193,252
boat242.png,400,243,boat,257,48,271,57
boat242.png,400,243,boat,277,80,288,86
boat242.png,400,243,boat,248,105,260,112
boat242.png,400,243,boat,204,122,214,130
boat242.png,400,243,boat,189,171,194,180
boat242.png,400,243,boat,98,93,110,100
boat242.png,400,243,boat,79,104,91,111
boat242.png,400,243,boat,61,212,71,223
boat243.png,508,514,boat,113,124,387,364
boat244.png,400,243,boat,25,136,120,212
boat244.png,400,243,boat,125,64,222,138
boat244.png,400,243,boat,262,102,340,175
boat244.png,400,243,boat,236,1,316,58
boat245.png,374,344,boat,111,67,138,108
boat247.png,400,354,boat,189,127,228,211
boat248.png,544,510,boat,222,172,282,267
boat249.png,326,306,boat,107,64,168,144
boat25.png,458,462,boat,213,240,297,283
boat250.png,444,412,boat,131,119,250,217
boat251.png,400,376,boat,213,161,247,277
boat253.png,500,470,boat,144,185,266,295
boat255.png,400,243,boat,67,77,95,131
boat255.png,400,243,boat,331,153,333,157
boat256.png,452,358,boat,180,133,272,169
boat257.png,400,373,boat,123,126,144,142
boat257.png,400,373,boat,71,116,134,143
boat258.png,400,369,boat,215,141,307,243
boat259.png,574,560,boat,86,87,180,157
boat26.png,450,452,boat,135,95,206,194
boat261.png,456,448,boat,160,181,265,232
boat262.png,422,442,boat,234,82,287,217
boat263.png,552,540,boat,373,134,452,388
boat264.png,400,369,boat,86,270,102,312
boat264.png,400,369,boat,249,72,261,114
boat265.png,434,434,boat,125,28,260,151
boat266.png,462,430,boat,159,193,251,294
boat269.png,400,312,boat,283,152,291,166
boat269.png,400,312,boat,43,123,49,136
boat27.png,400,369,boat,224,290,227,291
boat27.png,400,369,boat,232,256,235,258
boat27.png,400,369,boat,221,244,224,247
boat27.png,400,369,boat,213,235,216,238
boat27.png,400,369,boat,212,206,215,209
boat27.png,400,369,boat,206,185,210,188
boat27.png,400,369,boat,202,172,206,174
boat27.png,400,369,boat,231,131,236,136
boat27.png,400,369,boat,217,140,221,143
boat27.png,400,369,boat,213,153,216,156
boat27.png,400,369,boat,196,148,199,150
boat27.png,400,369,boat,200,125,203,127
boat27.png,400,369,boat,187,125,191,127
boat27.png,400,369,boat,174,113,177,115
boat27.png,400,369,boat,188,64,195,68
boat27.png,400,369,boat,321,18,333,24
boat270.png,486,436,boat,138,137,225,178
boat271.png,396,348,boat,178,134,234,211
boat273.png,518,480,boat,212,211,294,275
boat274.png,400,391,boat,160,118,234,228
boat275.png,570,504,boat,306,297,335,337
boat275.png,570,504,boat,88,338,124,392
boat275.png,570,504,boat,109,76,141,107
boat276.png,412,386,boat,199,126,250,212
boat277.png,552,580,boat,280,159,353,427
boat278.png,400,243,boat,98,21,105,35
boat278.png,400,243,boat,88,30,92,39
boat278.png,400,243,boat,83,28,89,40
boat278.png,400,243,boat,96,39,101,48
boat278.png,400,243,boat,92,40,97,49
boat278.png,400,243,boat,83,43,89,53
boat278.png,400,243,boat,77,30,84,41
boat278.png,400,243,boat,52,39,62,51
boat278.png,400,243,boat,47,42,54,54
boat278.png,400,243,boat,57,53,64,65
boat278.png,400,243,boat,53,55,59,65
boat278.png,400,243,boat,47,57,51,60
boat278.png,400,243,boat,42,45,48,55
boat278.png,400,243,boat,37,49,42,57
boat278.png,400,243,boat,33,51,38,59
boat278.png,400,243,boat,29,51,34,61
boat278.png,400,243,boat,26,55,31,62
boat278.png,400,243,boat,42,60,49,71
boat278.png,400,243,boat,39,63,43,69
boat278.png,400,243,boat,35,63,39,71
boat278.png,400,243,boat,30,63,36,75
boat278.png,400,243,boat,27,67,31,75
boat278.png,400,243,boat,21,54,27,65
boat278.png,400,243,boat,23,68,27,76
boat278.png,400,243,boat,17,56,22,65
boat278.png,400,243,boat,38,85,67,102
boat279.png,286,278,boat,162,71,237,112
boat28.png,368,268,boat,251,68,281,131
boat28.png,368,268,boat,71,133,107,202
boat280.png,400,243,boat,97,141,105,160
boat280.png,400,243,boat,107,140,118,165
boat280.png,400,243,boat,117,147,126,167
boat280.png,400,243,boat,124,148,135,170
boat280.png,400,243,boat,143,157,152,175
boat280.png,400,243,boat,151,151,162,176
boat280.png,400,243,boat,162,162,169,179
boat280.png,400,243,boat,169,156,180,181
boat280.png,400,243,boat,180,166,187,184
boat280.png,400,243,boat,187,167,194,182
boat280.png,400,243,boat,113,105,121,120
boat280.png,400,243,boat,126,108,132,119
boat280.png,400,243,boat,138,111,145,123
boat280.png,400,243,boat,145,113,151,124
boat280.png,400,243,boat,152,114,157,126
boat280.png,400,243,boat,157,115,164,128
boat280.png,400,243,boat,189,122,194,134
boat280.png,400,243,boat,132,95,162,106
boat280.png,400,243,boat,167,93,174,113
boat280.png,400,243,boat,173,97,181,115
boat280.png,400,243,boat,184,96,192,117
boat280.png,400,243,boat,193,100,200,117
boat280.png,400,243,boat,195,123,201,137
boat280.png,400,243,boat,202,122,207,134
boat280.png,400,243,boat,199,167,205,184
boat280.png,400,243,boat,206,165,214,186
boat280.png,400,243,boat,217,167,223,184
boat280.png,400,243,boat,224,158,232,184
boat280.png,400,243,boat,234,165,241,183
boat280.png,400,243,boat,243,168,249,183
boat280.png,400,243,boat,250,155,259,181
boat280.png,400,243,boat,260,163,268,180
boat280.png,400,243,boat,214,123,219,135
boat280.png,400,243,boat,203,96,210,118
boat280.png,400,243,boat,222,99,229,116
boat280.png,400,243,boat,227,123,232,134
boat280.png,400,243,boat,234,123,239,137
boat280.png,400,243,boat,240,123,246,135
boat280.png,400,243,boat,253,121,257,130
boat280.png,400,243,boat,230,96,238,117
boat280.png,400,243,boat,238,94,249,117
boat280.png,400,243,boat,249,90,258,113
boat280.png,400,243,boat,257,94,267,112
boat280.png,400,243,boat,265,92,275,111
boat280.png,400,243,boat,271,162,278,177
boat280.png,400,243,boat,265,118,270,129
boat280.png,400,243,boat,270,117,276,129
boat280.png,400,243,boat,277,116,283,128
boat280.png,400,243,boat,285,151,296,175
boat280.png,400,243,boat,295,156,302,171
boat280.png,400,243,boat,305,153,312,167
boat280.png,400,243,boat,311,149,322,168
boat280.png,400,243,boat,282,114,289,125
boat280.png,400,243,boat,287,112,295,125
boat280.png,400,243,boat,294,110,300,120
boat280.png,400,243,boat,274,93,282,108
boat280.png,400,243,boat,285,86,298,104
boat280.png,400,243,boat,293,82,305,101
boat280.png,400,243,boat,301,80,312,96
boat280.png,400,243,boat,305,104,313,116
boat280.png,400,243,boat,311,102,319,114
boat280.png,400,243,boat,316,100,323,108
boat280.png,400,243,boat,323,146,332,162
boat280.png,400,243,boat,327,143,337,157
boat280.png,400,243,boat,336,134,347,152
boat280.png,400,243,boat,343,133,355,151
boat280.png,400,243,boat,352,127,364,144
boat280.png,400,243,boat,359,125,371,140
boat280.png,400,243,boat,370,121,380,133
boat280.png,400,243,boat,308,78,319,95
boat280.png,400,243,boat,321,96,330,107
boat280.png,400,243,boat,315,73,326,89
boat280.png,400,243,boat,332,91,341,101
boat280.png,400,243,boat,343,84,353,95
boat280.png,400,243,boat,326,78,332,83
boat280.png,400,243,boat,327,67,339,79
boat280.png,400,243,boat,335,64,346,76
boat280.png,400,243,boat,267,37,274,49
boat280.png,400,243,boat,273,36,280,48
boat280.png,400,243,boat,278,34,285,45
boat280.png,400,243,boat,285,31,291,43
boat280.png,400,243,boat,290,30,296,41
boat280.png,400,243,boat,295,27,302,39
boat280.png,400,243,boat,302,27,308,38
boat280.png,400,243,boat,291,19,302,25
boat280.png,400,243,boat,284,24,290,28
boat280.png,400,243,boat,265,27,276,32
boat280.png,400,243,boat,260,39,268,53
boat280.png,400,243,boat,254,41,261,60
boat280.png,400,243,boat,246,40,253,60
boat280.png,400,243,boat,238,41,245,60
boat280.png,400,243,boat,230,41,238,61
boat280.png,400,243,boat,235,21,242,35
boat280.png,400,243,boat,228,19,235,35
boat280.png,400,243,boat,220,18,227,36
boat280.png,400,243,boat,213,40,221,63
boat280.png,400,243,boat,212,17,220,37
boat280.png,400,243,boat,205,42,213,64
boat280.png,400,243,boat,196,44,204,65
boat280.png,400,243,boat,187,43,195,66
boat280.png,400,243,boat,179,43,187,63
boat280.png,400,243,boat,160,43,168,67
boat280.png,400,243,boat,153,44,161,65
boat280.png,400,243,boat,144,43,151,67
boat280.png,400,243,boat,135,45,143,68
boat280.png,400,243,boat,124,44,132,66
boat280.png,400,243,boat,117,44,125,71
boat280.png,400,243,boat,204,18,211,37
boat280.png,400,243,boat,197,19,203,36
boat280.png,400,243,boat,189,16,196,38
boat280.png,400,243,boat,180,17,188,37
boat280.png,400,243,boat,173,19,179,37
boat280.png,400,243,boat,164,18,172,39
boat280.png,400,243,boat,157,18,164,37
boat280.png,400,243,boat,149,18,156,38
boat280.png,400,243,boat,141,20,148,38
boat280.png,400,243,boat,133,18,140,38
boat280.png,400,243,boat,126,22,133,39
boat280.png,400,243,boat,116,21,124,39
boat280.png,400,243,boat,108,46,116,67
boat280.png,400,243,boat,98,45,106,66
boat280.png,400,243,boat,107,16,115,38
boat281.png,484,434,boat,255,101,391,142
boat281.png,484,434,boat,66,57,195,98
boat281.png,484,434,boat,55,264,186,314
boat283.png,364,354,boat,290,227,339,268
boat283.png,364,354,boat,81,63,182,109
boat284.png,400,243,boat,88,62,92,72
boat284.png,400,243,boat,83,62,87,72
boat284.png,400,243,boat,78,62,82,76
boat284.png,400,243,boat,76,93,81,109
boat284.png,400,243,boat,117,101,121,107
boat284.png,400,243,boat,148,102,150,107
boat284.png,400,243,boat,155,101,157,107
boat284.png,400,243,boat,131,62,135,73
boat284.png,400,243,boat,150,62,154,73
boat284.png,400,243,boat,168,9,171,19
boat284.png,400,243,boat,159,63,163,74
boat284.png,400,243,boat,178,62,182,74
boat284.png,400,243,boat,165,101,167,107
boat284.png,400,243,boat,168,99,171,107
boat284.png,400,243,boat,175,102,177,107
boat284.png,400,243,boat,177,100,180,107
boat284.png,400,243,boat,174,109,177,117
boat284.png,400,243,boat,171,146,175,160
boat284.png,400,243,boat,168,164,173,183
boat284.png,400,243,boat,209,211,221,223
boat284.png,400,243,boat,216,205,219,207
boat284.png,400,243,boat,209,201,224,206
boat284.png,400,243,boat,201,209,205,211
boat284.png,400,243,boat,201,189,205,209
boat284.png,400,243,boat,209,185,221,190
boat284.png,400,243,boat,208,170,211,173
boat284.png,400,243,boat,199,163,204,179
boat284.png,400,243,boat,208,163,223,168
boat284.png,400,243,boat,193,143,197,159
boat284.png,400,243,boat,184,109,187,116
boat284.png,400,243,boat,184,101,187,107
boat284.png,400,243,boat,188,100,191,107
boat284.png,400,243,boat,187,109,189,115
boat284.png,400,243,boat,197,110,200,115
boat284.png,400,243,boat,204,101,207,107
boat284.png,400,243,boat,197,102,200,108
boat284.png,400,243,boat,204,109,206,116
boat284.png,400,243,boat,207,109,210,116
boat284.png,400,243,boat,213,110,216,116
boat284.png,400,243,boat,188,62,192,75
boat284.png,400,243,boat,189,56,192,58
boat284.png,400,243,boat,193,48,196,60
boat284.png,400,243,boat,207,62,210,72
boat284.png,400,243,boat,201,54,204,59
boat284.png,400,243,boat,207,49,210,59
boat284.png,400,243,boat,211,49,215,59
boat284.png,400,243,boat,248,46,253,59
boat284.png,400,243,boat,225,63,229,74
boat284.png,400,243,boat,229,62,233,72
boat284.png,400,243,boat,239,62,243,73
boat284.png,400,243,boat,249,62,253,74
boat284.png,400,243,boat,217,101,219,107
boat284.png,400,243,boat,227,109,229,116
boat284.png,400,243,boat,232,109,235,116
boat284.png,400,243,boat,236,111,240,121
boat284.png,400,243,boat,237,101,239,107
boat284.png,400,243,boat,241,110,246,123
boat284.png,400,243,boat,251,110,255,123
boat284.png,400,243,boat,232,145,236,161
boat284.png,400,243,boat,237,163,257,167
boat284.png,400,243,boat,223,223,236,236
boat284.png,400,243,boat,254,147,258,160
boat284.png,400,243,boat,260,93,265,107
boat284.png,400,243,boat,258,63,262,74
boat284.png,400,243,boat,262,48,267,59
boat284.png,400,243,boat,263,62,266,71
boat284.png,400,243,boat,268,62,271,72
boat284.png,400,243,boat,272,48,276,59
boat284.png,400,243,boat,277,48,281,59
boat284.png,400,243,boat,280,94,285,107
boat284.png,400,243,boat,262,167,268,189
boat284.png,400,243,boat,253,211,258,225
boat284.png,400,243,boat,295,110,299,123
boat284.png,400,243,boat,300,95,304,107
boat284.png,400,243,boat,286,62,290,74
boat284.png,400,243,boat,292,62,295,71
boat284.png,400,243,boat,300,62,304,74
boat284.png,400,243,boat,309,62,314,77
boat284.png,400,243,boat,310,94,314,107
boat284.png,400,243,boat,310,110,314,124
boat284.png,400,243,boat,299,152,302,160
boat284.png,400,243,boat,303,153,306,161
boat284.png,400,243,boat,295,163,313,169
boat284.png,400,243,boat,305,182,314,186
boat284.png,400,243,boat,307,186,314,190
boat284.png,400,243,boat,305,190,315,194
boat284.png,400,243,boat,306,207,314,210
boat284.png,400,243,boat,316,192,320,202
boat284.png,400,243,boat,316,169,321,178
boat284.png,400,243,boat,308,145,314,160
boat284.png,400,243,boat,316,133,319,143
boat284.png,400,243,boat,319,133,322,142
boat284.png,400,243,boat,316,127,322,130
boat284.png,400,243,boat,316,115,323,119
boat284.png,400,243,boat,316,112,323,115
boat284.png,400,243,boat,317,109,324,112
boat284.png,400,243,boat,316,106,322,108
boat284.png,400,243,boat,319,100,324,103
boat284.png,400,243,boat,316,98,324,101
boat284.png,400,243,boat,317,92,324,95
boat284.png,400,243,boat,316,88,323,91
boat284.png,400,243,boat,316,81,323,84
boat284.png,400,243,boat,317,71,324,74
boat284.png,400,243,boat,316,67,323,71
boat284.png,400,243,boat,317,55,321,57
boat284.png,400,243,boat,317,35,323,38
boat284.png,400,243,boat,317,19,323,22
boat284.png,400,243,boat,317,1,323,4
boat284.png,400,243,boat,312,22,314,29
boat284.png,400,243,boat,307,22,310,32
boat284.png,400,243,boat,306,8,310,18
boat284.png,400,243,boat,302,11,305,18
boat284.png,400,243,boat,298,10,301,18
boat284.png,400,243,boat,294,10,297,17
boat284.png,400,243,boat,298,22,301,30
boat284.png,400,243,boat,294,22,296,29
boat284.png,400,243,boat,290,21,293,32
boat284.png,400,243,boat,291,15,293,18
boat284.png,400,243,boat,258,17,260,19
boat284.png,400,243,boat,290,10,292,17
boat284.png,400,243,boat,285,21,288,31
boat284.png,400,243,boat,286,11,289,17
boat284.png,400,243,boat,278,11,281,19
boat284.png,400,243,boat,277,21,281,29
boat284.png,400,243,boat,273,21,277,31
boat284.png,400,243,boat,273,10,276,18
boat284.png,400,243,boat,270,22,272,28
boat284.png,400,243,boat,265,21,268,29
boat284.png,400,243,boat,265,9,268,19
boat284.png,400,243,boat,260,22,264,31
boat284.png,400,243,boat,257,10,259,18
boat284.png,400,243,boat,257,21,260,29
boat284.png,400,243,boat,252,21,255,30
boat284.png,400,243,boat,252,9,255,18
boat284.png,400,243,boat,248,21,252,31
boat284.png,400,243,boat,244,21,247,31
boat284.png,400,243,boat,248,12,252,18
boat284.png,400,243,boat,240,21,243,30
boat284.png,400,243,boat,235,22,239,31
boat284.png,400,243,boat,240,10,243,18
boat284.png,400,243,boat,236,10,239,18
boat284.png,400,243,boat,228,22,231,29
boat284.png,400,243,boat,223,8,227,18
boat284.png,400,243,boat,223,21,227,32
boat284.png,400,243,boat,219,21,222,31
boat284.png,400,243,boat,215,8,218,18
boat284.png,400,243,boat,210,9,214,18
boat284.png,400,243,boat,214,22,218,32
boat284.png,400,243,boat,210,22,213,30
boat284.png,400,243,boat,205,21,209,32
boat284.png,400,243,boat,202,21,206,30
boat284.png,400,243,boat,197,21,201,32
boat284.png,400,243,boat,193,21,196,30
boat284.png,400,243,boat,197,10,200,18
boat284.png,400,243,boat,189,11,191,18
boat284.png,400,243,boat,189,21,192,29
boat284.png,400,243,boat,184,22,187,30
boat284.png,400,243,boat,179,21,183,32
boat284.png,400,243,boat,176,21,179,31
boat284.png,400,243,boat,168,21,171,30
boat284.png,400,243,boat,163,21,167,32
boat284.png,400,243,boat,159,11,162,18
boat284.png,400,243,boat,155,22,158,29
boat284.png,400,243,boat,147,10,150,18
boat284.png,400,243,boat,139,21,142,30
boat284.png,400,243,boat,135,22,137,28
boat284.png,400,243,boat,135,8,139,18
boat284.png,400,243,boat,122,10,125,15
boat284.png,400,243,boat,118,22,121,29
boat284.png,400,243,boat,114,9,118,18
boat284.png,400,243,boat,115,21,117,27
boat284.png,400,243,boat,110,21,114,31
boat284.png,400,243,boat,110,9,114,18
boat284.png,400,243,boat,102,21,105,30
boat284.png,400,243,boat,105,8,110,18
boat284.png,400,243,boat,96,20,98,23
boat284.png,400,243,boat,97,22,101,31
boat284.png,400,243,boat,66,62,68,64
boat284.png,400,243,boat,69,62,72,72
boat284.png,400,243,boat,64,62,68,74
boat284.png,400,243,boat,59,62,63,73
boat284.png,400,243,boat,59,48,64,59
boat284.png,400,243,boat,90,22,93,30
boat284.png,400,243,boat,80,21,84,32
boat284.png,400,243,boat,72,21,76,29
boat284.png,400,243,boat,68,22,71,28
boat284.png,400,243,boat,63,21,67,31
boat284.png,400,243,boat,59,21,62,29
boat284.png,400,243,boat,64,11,67,19
boat284.png,400,243,boat,53,13,58,32
boat284.png,400,243,boat,31,30,39,34
boat284.png,400,243,boat,32,21,41,25
boat284.png,400,243,boat,137,147,140,158
boat284.png,400,243,boat,164,109,167,116
boat284.png,400,243,boat,154,108,157,116
boat284.png,400,243,boat,144,109,147,116
boat284.png,400,243,boat,132,109,137,119
boat284.png,400,243,boat,107,110,112,122
boat284.png,400,243,boat,98,109,103,118
boat284.png,400,243,boat,86,110,91,124
boat284.png,400,243,boat,153,164,159,180
boat284.png,400,243,boat,147,162,153,182
boat284.png,400,243,boat,83,149,97,164
boat284.png,400,243,boat,55,124,68,138
boat284.png,400,243,boat,36,108,45,118
boat285.png,502,492,boat,172,151,288,274
boat286.png,286,274,boat,88,90,119,133
boat287.png,400,369,boat,217,270,223,273
boat287.png,400,369,boat,223,244,231,248
boat287.png,400,369,boat,72,188,80,192
boat287.png,400,369,boat,185,88,193,92
boat288.png,318,314,boat,176,57,206,112
boat289.png,400,243,boat,160,136,170,144
boat29.png,395,400,boat,214,85,285,298
boat290.png,400,243,boat,1,76,7,85
boat290.png,400,243,boat,367,221,377,231
boat290.png,400,243,boat,388,156,397,162
boat290.png,400,243,boat,385,133,394,142
boat290.png,400,243,boat,367,114,378,121
boat290.png,400,243,boat,384,84,391,91
boat290.png,400,243,boat,387,23,396,33
boat290.png,400,243,boat,343,222,350,229
boat290.png,400,243,boat,319,229,328,238
boat290.png,400,243,boat,282,211,288,217
boat290.png,400,243,boat,308,210,316,217
boat290.png,400,243,boat,350,198,357,205
boat290.png,400,243,boat,297,192,307,199
boat290.png,400,243,boat,318,183,327,191
boat290.png,400,243,boat,342,171,349,181
boat290.png,400,243,boat,286,167,289,170
boat290.png,400,243,boat,278,159,286,167
boat290.png,400,243,boat,298,144,307,149
boat290.png,400,243,boat,318,121,327,131
boat290.png,400,243,boat,286,121,292,129
boat290.png,400,243,boat,301,98,308,105
boat290.png,400,243,boat,347,66,350,69
boat290.png,400,243,boat,334,56,347,67
boat290.png,400,243,boat,356,37,364,47
boat290.png,400,243,boat,323,23,336,32
boat290.png,400,243,boat,345,16,358,28
boat290.png,400,243,boat,238,35,246,42
boat290.png,400,243,boat,230,11,240,19
boat290.png,400,243,boat,205,20,215,28
boat290.png,400,243,boat,184,29,190,36
boat290.png,400,243,boat,255,58,263,67
boat290.png,400,243,boat,267,82,277,93
boat290.png,400,243,boat,253,106,259,113
boat290.png,400,243,boat,241,89,247,97
boat290.png,400,243,boat,208,73,215,81
boat290.png,400,243,boat,218,91,227,101
boat290.png,400,243,boat,191,93,199,99
boat290.png,400,243,boat,202,118,209,126
boat290.png,400,243,boat,231,120,239,128
boat290.png,400,243,boat,264,123,271,130
boat290.png,400,243,boat,263,218,271,227
boat290.png,400,243,boat,262,179,271,185
boat290.png,400,243,boat,238,183,245,195
boat290.png,400,243,boat,224,199,230,208
boat290.png,400,243,boat,232,212,239,218
boat290.png,400,243,boat,206,213,212,221
boat290.png,400,243,boat,132,233,138,239
boat290.png,400,243,boat,152,229,158,236
boat290.png,400,243,boat,163,217,168,223
boat290.png,400,243,boat,182,217,185,224
boat290.png,400,243,boat,174,199,181,208
boat290.png,400,243,boat,126,221,133,227
boat290.png,400,243,boat,109,223,115,231
boat290.png,400,243,boat,94,226,100,233
boat290.png,400,243,boat,99,207,103,214
boat290.png,400,243,boat,118,203,122,211
boat290.png,400,243,boat,151,195,157,202
boat290.png,400,243,boat,168,188,174,195
boat290.png,400,243,boat,187,178,192,186
boat290.png,400,243,boat,127,184,133,191
boat290.png,400,243,boat,141,178,148,183
boat290.png,400,243,boat,175,168,181,175
boat290.png,400,243,boat,132,162,136,169
boat290.png,400,243,boat,148,157,154,164
boat290.png,400,243,boat,126,147,132,154
boat290.png,400,243,boat,161,141,168,150
boat290.png,400,243,boat,182,126,189,133
boat290.png,400,243,boat,170,102,177,108
boat290.png,400,243,boat,119,93,124,101
boat290.png,400,243,boat,101,98,107,103
boat290.png,400,243,boat,102,75,111,82
boat290.png,400,243,boat,171,56,177,63
boat290.png,400,243,boat,106,43,113,51
boat290.png,400,243,boat,155,17,163,26
boat290.png,400,243,boat,129,17,136,25
boat290.png,400,243,boat,98,22,105,31
boat290.png,400,243,boat,94,2,99,9
boat290.png,400,243,boat,64,10,69,16
boat290.png,400,243,boat,41,12,47,20
boat290.png,400,243,boat,10,3,18,12
boat290.png,400,243,boat,1,29,6,34
boat290.png,400,243,boat,23,69,32,77
boat290.png,400,243,boat,46,61,52,71
boat290.png,400,243,boat,28,41,38,48
boat290.png,400,243,boat,50,38,56,46
boat290.png,400,243,boat,85,48,92,55
boat290.png,400,243,boat,74,76,81,85
boat290.png,400,243,boat,70,109,76,117
boat290.png,400,243,boat,41,132,47,139
boat290.png,400,243,boat,56,127,62,136
boat290.png,400,243,boat,79,125,85,132
boat290.png,400,243,boat,90,153,96,161
boat290.png,400,243,boat,50,152,54,159
boat290.png,400,243,boat,81,173,87,181
boat290.png,400,243,boat,76,192,82,199
boat290.png,400,243,boat,80,208,84,216
boat290.png,400,243,boat,54,213,58,219
boat290.png,400,243,boat,65,227,70,233
boat290.png,400,243,boat,38,220,43,225
boat290.png,400,243,boat,13,213,17,219
boat291.png,400,243,boat,380,95,386,98
boat291.png,400,243,boat,55,114,79,146
boat292.png,372,356,boat,113,110,161,180
boat293.png,418,416,boat,246,199,330,259
boat294.png,400,372,boat,184,128,217,174
boat295.png,528,550,boat,209,222,415,302
boat297.png,396,400,boat,262,215,297,320
boat297.png,396,400,boat,87,179,126,266
boat298.png,530,540,boat,310,103,373,169
boat298.png,530,540,boat,256,256,301,394
boat299.png,322,358,boat,167,132,210,215
boat3.png,400,350,boat,139,122,254,202
boat30.png,472,466,boat,131,126,271,282
boat300.png,460,440,boat,183,169,311,272
boat301.png,378,334,boat,190,110,245,160
boat302.png,352,356,boat,240,1,310,46
boat302.png,352,356,boat,179,176,271,250
boat303.png,332,304,boat,134,39,163,69
boat303.png,332,304,boat,160,110,180,152
boat304.png,400,312,boat,8,14,43,26
boat304.png,400,312,boat,51,18,86,32
boat304.png,400,312,boat,354,60,367,70
boat304.png,400,312,boat,304,279,334,289
boat305.png,400,388,boat,81,81,170,136
boat306.png,578,576,boat,197,150,274,223
boat307.png,488,482,boat,166,141,227,258
boat309.png,526,522,boat,258,211,339,272
boat31.png,356,304,boat,77,94,116,185
boat310.png,252,254,boat,115,100,203,143
boat311.png,336,364,boat,171,211,266,279
boat312.png,390,376,boat,305,88,350,149
boat312.png,390,376,boat,178,51,232,98
boat312.png,390,376,boat,198,95,259,138
boat312.png,390,376,boat,137,132,192,177
boat312.png,390,376,boat,193,162,253,203
boat316.png,362,346,boat,78,92,172,126
boat317.png,526,526,boat,241,136,358,362
boat319.png,498,486,boat,305,201,328,247
boat32.png,400,243,boat,18,19,37,27
boat32.png,400,243,boat,34,124,86,159
boat320.png,584,552,boat,235,209,287,368
boat321.png,322,310,boat,136,172,192,212
boat322.png,356,314,boat,162,137,226,183
boat323.png,400,243,boat,268,32,282,41
boat324.png,408,404,boat,144,121,209,196
boat325.png,510,464,boat,269,249,313,337
boat326.png,400,367,boat,5,261,47,294
boat326.png,400,367,boat,51,289,135,349
boat326.png,400,367,boat,45,224,168,306
boat326.png,400,367,boat,86,208,178,263
boat326.png,400,367,boat,218,129,314,257
boat327.png,428,378,boat,350,255,406,313
boat327.png,428,378,boat,320,96,346,157
boat327.png,428,378,boat,168,72,202,147
boat327.png,428,378,boat,183,254,225,326
boat328.png,400,243,boat,156,38,167,46
boat328.png,400,243,boat,191,67,202,81
boat328.png,400,243,boat,162,66,171,77
boat328.png,400,243,boat,170,103,180,111
boat328.png,400,243,boat,171,129,182,139
boat328.png,400,243,boat,156,147,163,160
boat328.png,400,243,boat,211,168,225,181
boat328.png,400,243,boat,174,217,185,227
boat328.png,400,243,boat,103,207,113,217
boat328.png,400,243,boat,74,218,80,230
boat328.png,400,243,boat,359,12,376,27
boat33.png,382,380,boat,292,176,325,250
boat331.png,512,482,boat,195,117,343,260
boat332.png,400,243,boat,338,69,343,81
boat332.png,400,243,boat,79,147,94,165
boat334.png,372,342,boat,198,165,238,227
boat335.png,494,472,boat,203,139,330,306
boat336.png,454,386,boat,328,122,376,176
boat336.png,454,386,boat,99,50,157,110
boat337.png,400,243,boat,187,108,194,123
boat338.png,400,312,boat,156,151,162,154
boat339.png,414,390,boat,162,113,248,232
boat34.png,496,500,boat,196,138,258,250
boat342.png,400,369,boat,38,87,57,172
boat342.png,400,369,boat,346,155,357,211
boat342.png,400,369,boat,361,114,364,116
boat343.png,528,504,boat,282,185,361,309
boat344.png,400,369,boat,278,84,282,90
boat344.png,400,369,boat,234,185,240,187
boat344.png,400,369,boat,257,245,263,252
boat344.png,400,369,boat,101,200,111,208
boat344.png,400,369,boat,125,129,135,135
boat346.png,400,386,boat,125,105,318,281
boat347.png,400,243,boat,239,187,261,197
boat347.png,400,243,boat,271,191,283,196
boat347.png,400,243,boat,267,186,283,192
boat347.png,400,243,boat,284,185,304,193
boat347.png,400,243,boat,284,193,303,199
boat347.png,400,243,boat,308,186,332,193
boat347.png,400,243,boat,338,184,383,197
boat347.png,400,243,boat,357,230,379,238
boat347.png,400,243,boat,238,168,262,178
boat347.png,400,243,boat,300,114,330,122
boat347.png,400,243,boat,134,140,156,176
boat347.png,400,243,boat,111,202,118,214
boat347.png,400,243,boat,126,202,136,215
boat347.png,400,243,boat,131,215,140,219
boat347.png,400,243,boat,121,208,125,213
boat348.png,378,406,boat,98,103,208,199
boat349.png,272,270,boat,130,70,158,135
boat35.png,266,254,boat,166,138,189,190
boat350.png,540,476,boat,190,117,284,229
boat353.png,522,540,boat,211,149,416,316
boat356.png,426,428,boat,68,74,194,139
boat357.png,448,458,boat,311,181,388,251
boat357.png,448,458,boat,152,224,207,258
boat358.png,430,430,boat,38,299,94,343
boat358.png,430,430,boat,100,104,186,191
boat358.png,430,430,boat,236,273,321,321
boat359.png,366,352,boat,88,97,159,153
boat36.png,400,309,boat,142,49,389,237
boat360.png,518,500,boat,240,80,317,295
boat361.png,500,364,boat,196,206,319,317
boat361.png,500,364,boat,265,145,410,272
boat362.png,400,369,boat,68,296,89,352
boat362.png,400,369,boat,284,33,299,90
boat363.png,400,366,boat,192,77,218,266
boat364.png,246,252,boat,106,113,162,151
boat365.png,400,399,boat,189,97,233,221
boat365.png,400,399,boat,158,90,210,252
boat366.png,486,486,boat,218,239,376,388
boat367.png,400,365,boat,163,144,182,191
boat368.png,566,498,boat,188,112,266,213
boat369.png,400,369,boat,170,72,178,80
boat369.png,400,369,boat,92,173,138,314
boat37.png,400,243,boat,76,164,86,176
boat37.png,400,243,boat,92,153,104,160
boat37.png,400,243,boat,108,151,118,156
boat37.png,400,243,boat,99,176,111,189
boat37.png,400,243,boat,122,185,127,196
boat37.png,400,243,boat,105,201,110,214
boat37.png,400,243,boat,123,205,130,216
boat37.png,400,243,boat,78,192,84,206
boat37.png,400,243,boat,71,192,77,206
boat37.png,400,243,boat,85,197,91,206
boat37.png,400,243,boat,60,185,69,202
boat37.png,400,243,boat,33,137,42,147
boat37.png,400,243,boat,21,154,35,164
boat37.png,400,243,boat,14,171,26,184
boat37.png,400,243,boat,54,209,63,219
boat37.png,400,243,boat,60,209,68,223
boat37.png,400,243,boat,74,214,80,220
boat37.png,400,243,boat,78,211,82,224
boat37.png,400,243,boat,87,215,92,224
boat37.png,400,243,boat,97,216,102,228
boat37.png,400,243,boat,98,217,105,229
boat37.png,400,243,boat,102,219,108,227
boat37.png,400,243,boat,111,218,120,232
boat37.png,400,243,boat,229,225,237,234
boat37.png,400,243,boat,201,180,209,187
boat37.png,400,243,boat,174,182,183,190
boat37.png,400,243,boat,140,181,150,186
boat37.png,400,243,boat,164,156,177,162
boat37.png,400,243,boat,131,162,144,169
boat37.png,400,243,boat,129,147,140,152
boat37.png,400,243,boat,121,129,134,135
boat37.png,400,243,boat,105,134,116,138
boat37.png,400,243,boat,112,95,124,108
boat37.png,400,243,boat,136,109,152,119
boat37.png,400,243,boat,131,73,144,79
boat37.png,400,243,boat,156,89,168,99
boat37.png,400,243,boat,171,104,184,114
boat37.png,400,243,boat,162,121,175,129
boat37.png,400,243,boat,150,138,161,146
boat37.png,400,243,boat,215,137,229,147
boat37.png,400,243,boat,236,148,246,157
boat37.png,400,243,boat,232,109,241,123
boat37.png,400,243,boat,215,94,226,106
boat37.png,400,243,boat,170,68,182,83
boat37.png,400,243,boat,159,52,167,63
boat37.png,400,243,boat,236,84,243,96
boat37.png,400,243,boat,274,72,280,85
boat37.png,400,243,boat,293,82,305,93
boat37.png,400,243,boat,302,125,312,137
boat37.png,400,243,boat,211,12,222,21
boat37.png,400,243,boat,173,25,182,36
boat371.png,496,438,boat,281,219,344,306
boat372.png,552,460,boat,156,156,252,201
boat373.png,600,524,boat,293,246,327,284
boat374.png,302,318,boat,121,48,184,80
boat375.png,408,386,boat,113,75,218,211
boat376.png,400,243,boat,369,156,378,161
boat376.png,400,243,boat,41,126,100,142
boat378.png,532,524,boat,20,368,180,517
boat379.png,512,458,boat,346,310,479,354
boat379.png,512,458,boat,163,293,292,340
boat38.png,400,243,boat,161,136,170,142
boat380.png,400,387,boat,139,209,229,264
boat380.png,400,387,boat,224,112,345,191
boat381.png,400,378,boat,205,181,229,231
boat382.png,570,504,boat,108,73,151,111
boat382.png,570,504,boat,79,341,126,394
boat382.png,570,504,boat,304,292,339,341
boat384.png,400,369,boat,48,232,59,242
boat384.png,400,369,boat,244,128,256,138
boat386.png,414,360,boat,190,131,270,188
boat389.png,554,544,boat,332,331,403,403
boat39.png,492,462,boat,132,143,208,278
boat390.png,568,532,boat,403,343,471,391
boat390.png,568,532,boat,60,52,456,500
boat391.png,384,404,boat,76,82,130,106
boat391.png,384,404,boat,204,104,240,120
boat393.png,442,472,boat,146,113,269,326
boat394.png,400,364,boat,117,83,216,254
boat395.png,550,570,boat,293,216,388,325
boat396.png,306,300,boat,123,119,194,194
boat397.png,398,400,boat,126,160,223,218
boat399.png,456,436,boat,168,151,241,206
boat4.png,400,364,boat,232,229,275,257
boat4.png,400,364,boat,183,146,221,174
boat40.png,400,373,boat,158,124,270,228
boat401.png,400,390,boat,165,172,213,201
boat402.png,400,243,boat,314,92,344,183
boat402.png,400,243,boat,271,112,305,194
boat402.png,400,243,boat,11,120,104,215
boat403.png,510,516,boat,193,127,280,214
boat404.png,558,556,boat,151,135,367,422
boat405.png,376,392,boat,179,134,229,219
boat406.png,406,358,boat,96,104,179,200
boat407.png,268,142,boat,87,61,107,118
boat408.png,290,282,boat,137,124,192,163
boat409.png,568,552,boat,207,119,294,249
boat41.png,400,243,boat,67,193,97,205
boat41.png,400,243,boat,322,134,336,139
boat41.png,400,243,boat,339,139,346,142
boat41.png,400,243,boat,288,80,327,88
boat41.png,400,243,boat,187,91,189,93
boat41.png,400,243,boat,63,62,95,68
boat411.png,574,600,boat,1,402,35,440
boat411.png,574,600,boat,70,495,157,552
boat411.png,574,600,boat,260,376,326,433
boat412.png,316,284,boat,126,122,185,174
boat413.png,328,320,boat,215,199,258,222
boat414.png,426,432,boat,105,108,365,282
boat415.png,560,538,boat,260,242,396,327
boat416.png,470,472,boat,242,137,336,233
boat418.png,450,502,boat,248,109,361,400
boat419.png,470,490,boat,194,209,309,336
boat42.png,400,243,boat,11,5,17,13
boat42.png,400,243,boat,27,43,40,49
boat42.png,400,243,boat,48,38,57,48
boat42.png,400,243,boat,38,13,48,22
boat42.png,400,243,boat,62,10,70,18
boat42.png,400,243,boat,89,1,101,10
boat42.png,400,243,boat,97,24,106,33
boat42.png,400,243,boat,0,28,6,36
boat42.png,400,243,boat,0,78,7,88
boat42.png,400,243,boat,21,68,32,79
boat42.png,400,243,boat,44,62,52,72
boat42.png,400,243,boat,84,48,94,57
boat42.png,400,243,boat,106,45,115,54
boat42.png,400,243,boat,128,18,138,28
boat42.png,400,243,boat,154,19,165,28
boat42.png,400,243,boat,184,30,192,40
boat42.png,400,243,boat,204,19,217,30
boat42.png,400,243,boat,231,12,243,25
boat42.png,400,243,boat,324,23,337,37
boat42.png,400,243,boat,346,17,358,29
boat42.png,400,243,boat,354,36,365,46
boat42.png,400,243,boat,387,25,398,37
boat42.png,400,243,boat,334,55,351,72
boat42.png,400,243,boat,382,81,391,93
boat42.png,400,243,boat,368,112,378,124
boat42.png,400,243,boat,383,131,396,147
boat42.png,400,243,boat,387,155,397,165
boat42.png,400,243,boat,254,58,265,70
boat42.png,400,243,boat,169,52,180,68
boat42.png,400,243,boat,101,75,112,84
boat42.png,400,243,boat,73,77,81,88
boat42.png,400,243,boat,100,97,107,105
boat42.png,400,243,boat,118,93,125,103
boat42.png,400,243,boat,170,102,177,110
boat42.png,400,243,boat,190,94,198,102
boat42.png,400,243,boat,208,74,215,84
boat42.png,400,243,boat,218,94,227,102
boat42.png,400,243,boat,240,87,247,98
boat42.png,400,243,boat,238,35,247,44
boat42.png,400,243,boat,267,83,277,96
boat42.png,400,243,boat,301,98,308,107
boat42.png,400,243,boat,317,122,327,131
boat42.png,400,243,boat,297,143,307,150
boat42.png,400,243,boat,284,121,292,132
boat42.png,400,243,boat,251,106,257,114
boat42.png,400,243,boat,263,125,272,134
boat42.png,400,243,boat,230,121,238,130
boat42.png,400,243,boat,203,120,210,129
boat42.png,400,243,boat,180,125,189,135
boat42.png,400,243,boat,160,141,169,153
boat42.png,400,243,boat,70,111,77,119
boat42.png,400,243,boat,77,126,86,135
boat42.png,400,243,boat,54,127,63,137
boat42.png,400,243,boat,41,132,47,141
boat42.png,400,243,boat,48,151,56,161
boat42.png,400,243,boat,89,153,96,162
boat42.png,400,243,boat,126,145,133,155
boat42.png,400,243,boat,131,162,138,172
boat42.png,400,243,boat,148,156,155,165
boat42.png,400,243,boat,174,168,181,176
boat42.png,400,243,boat,186,179,193,188
boat42.png,400,243,boat,279,160,286,172
boat42.png,400,243,boat,341,171,349,184
boat42.png,400,243,boat,318,184,328,194
boat42.png,400,243,boat,350,198,359,210
boat42.png,400,243,boat,366,220,378,233
boat42.png,400,243,boat,343,224,349,231
boat42.png,400,243,boat,307,212,315,217
boat42.png,400,243,boat,299,191,306,200
boat42.png,400,243,boat,320,231,329,240
boat42.png,400,243,boat,259,177,270,188
boat42.png,400,243,boat,283,213,289,219
boat42.png,400,243,boat,262,216,273,230
boat42.png,400,243,boat,236,184,246,197
boat42.png,400,243,boat,233,213,241,223
boat42.png,400,243,boat,225,201,230,209
boat42.png,400,243,boat,168,189,175,199
boat42.png,400,243,boat,141,179,151,188
boat42.png,400,243,boat,80,174,90,185
boat42.png,400,243,boat,124,183,131,191
boat42.png,400,243,boat,149,195,157,204
boat42.png,400,243,boat,76,193,83,203
boat42.png,400,243,boat,77,211,86,218
boat42.png,400,243,boat,97,206,104,216
boat42.png,400,243,boat,116,205,124,213
boat42.png,400,243,boat,52,211,58,221
boat42.png,400,243,boat,35,217,41,225
boat42.png,400,243,boat,63,224,70,233
boat42.png,400,243,boat,92,227,100,235
boat42.png,400,243,boat,109,225,116,233
boat42.png,400,243,boat,124,223,132,231
boat42.png,400,243,boat,130,235,139,242
boat42.png,400,243,boat,148,228,158,240
boat42.png,400,243,boat,158,218,166,224
boat42.png,400,243,boat,174,204,181,212
boat42.png,400,243,boat,178,217,186,227
boat42.png,400,243,boat,202,214,213,222
boat420.png,400,243,boat,35,124,85,155
boat421.png,410,378,boat,189,264,225,301
boat421.png,410,378,boat,63,53,96,107
boat423.png,430,428,boat,135,89,194,204
boat424.png,400,243,boat,195,38,200,45
boat424.png,400,243,boat,287,37,289,42
boat424.png,400,243,boat,286,117,289,121
boat424.png,400,243,boat,65,181,76,185
boat425.png,586,482,boat,228,185,281,210
boat428.png,400,399,boat,216,153,365,322
boat429.png,400,364,boat,63,83,231,247
boat43.png,400,342,boat,219,113,264,239
boat430.png,400,243,boat,222,230,225,237
boat430.png,400,243,boat,268,159,274,163
boat430.png,400,243,boat,166,7,169,10
boat430.png,400,243,boat,27,9,65,139
boat431.png,472,518,boat,354,410,453,511
boat431.png,472,518,boat,247,399,346,496
boat431.png,472,518,boat,232,292,332,393
boat432.png,568,526,boat,188,109,249,250
boat433.png,400,371,boat,150,66,192,220
boat434.png,436,428,boat,256,149,277,169
boat434.png,436,428,boat,146,149,247,190
boat435.png,502,476,boat,48,193,148,296
boat436.png,268,260,boat,128,77,155,131
boat437.png,438,440,boat,104,54,146,158
boat437.png,438,440,boat,295,145,348,229
boat438.png,400,325,boat,113,112,137,164
boat438.png,400,325,boat,198,58,228,113
boat439.png,412,408,boat,217,51,267,91
boat439.png,412,408,boat,240,91,285,126
boat439.png,412,408,boat,145,128,216,185
boat44.png,568,520,boat,222,221,299,253
boat440.png,532,486,boat,226,108,320,311
boat441.png,436,448,boat,208,144,295,294
boat442.png,402,402,boat,224,146,280,217
boat443.png,522,490,boat,112,157,242,306
boat443.png,522,490,boat,269,212,441,400
boat444.png,400,394,boat,67,38,304,179
boat445.png,488,438,boat,178,182,249,219
boat446.png,354,352,boat,120,73,188,125
boat447.png,380,352,boat,189,210,207,241
boat447.png,380,352,boat,218,218,243,265
boat448.png,420,414,boat,105,184,219,237
boat449.png,408,416,boat,175,157,208,203
boat45.png,504,486,boat,163,129,260,205
boat450.png,492,458,boat,207,162,305,225
boat451.png,396,384,boat,159,160,222,224
boat453.png,482,474,boat,306,228,353,339
boat453.png,482,474,boat,64,225,99,322
boat454.png,476,476,boat,185,151,317,296
boat455.png,552,530,boat,67,203,241,368
boat456.png,320,298,boat,189,173,262,228
boat457.png,400,378,boat,133,79,219,191
boat458.png,400,243,boat,24,9,66,138
boat458.png,400,243,boat,220,231,226,239
boat458.png,400,243,boat,267,158,275,165
boat459.png,248,244,boat,61,67,118,156
boat46.png,400,243,boat,202,129,212,139
boat46.png,400,243,boat,154,138,163,151
boat460.png,410,390,boat,133,93,169,180
boat462.png,350,340,boat,139,135,245,189
boat463.png,400,376,boat,322,105,356,165
boat463.png,400,376,boat,100,156,133,211
boat465.png,340,328,boat,164,141,246,200
boat466.png,380,400,boat,192,174,251,211
boat468.png,358,336,boat,137,108,221,144
boat469.png,414,384,boat,86,283,173,317
boat469.png,414,384,boat,283,205,378,273
boat47.png,436,396,boat,166,128,228,188
boat471.png,400,381,boat,114,57,304,152
boat472.png,444,444,boat,103,153,320,299
boat473.png,594,584,boat,181,112,233,197
boat474.png,514,496,boat,344,114,446,232
boat474.png,514,496,boat,81,87,184,209
boat475.png,346,318,boat,137,231,248,280
boat476.png,468,452,boat,224,176,276,281
boat477.png,518,466,boat,155,175,208,201
boat478.png,448,450,boat,118,77,245,210
boat479.png,522,474,boat,120,135,298,174
boat48.png,544,518,boat,91,73,149,251
boat480.png,370,356,boat,133,115,251,260
boat481.png,504,472,boat,169,221,257,317
boat481.png,504,472,boat,32,22,117,112
boat482.png,438,384,boat,260,98,319,145
boat483.png,490,472,boat,141,170,315,335
boat484.png,322,274,boat,162,87,199,168
boat486.png,424,394,boat,100,100,226,208
boat487.png,354,326,boat,246,216,284,239
boat488.png,338,344,boat,185,102,213,163
boat489.png,400,350,boat,95,122,298,237
boat49.png,466,458,boat,133,135,285,272
boat491.png,556,500,boat,125,111,209,156
boat492.png,496,464,boat,203,125,284,178
boat494.png,444,414,boat,199,154,296,280
boat495.png,400,356,boat,274,209,282,215
boat495.png,400,356,boat,132,202,137,207
boat496.png,400,369,boat,249,207,322,230
boat496.png,400,369,boat,206,131,272,149
boat496.png,400,369,boat,274,144,337,162
boat496.png,400,369,boat,273,152,335,169
boat496.png,400,369,boat,271,160,334,177
boat496.png,400,369,boat,314,96,375,116
boat498.png,490,510,boat,148,80,356,262
boat499.png,502,490,boat,223,183,287,266
boat5.png,400,373,boat,72,112,135,144
boat5.png,400,373,boat,122,130,141,144
boat50.png,522,466,boat,184,296,311,337
boat500.png,478,498,boat,239,100,304,336
boat501.png,562,568,boat,183,163,316,263
boat502.png,494,512,boat,183,113,412,367
boat503.png,520,504,boat,155,124,195,229
boat505.png,294,244,boat,127,116,209,184
boat506.png,386,392,boat,261,178,310,263
boat507.png,400,384,boat,229,95,292,126
boat507.png,400,384,boat,168,192,239,234
boat509.png,468,432,boat,230,290,336,363
boat51.png,426,362,boat,319,160,357,241
boat51.png,426,362,boat,132,223,162,283
boat510.png,484,450,boat,271,327,347,383
boat510.png,484,450,boat,326,241,408,310
boat511.png,550,518,boat,212,223,263,314
boat512.png,408,386,boat,161,109,249,245
boat513.png,400,348,boat,104,132,306,249
boat513.png,400,348,boat,92,92,268,196
boat515.png,400,369,boat,130,96,313,254
boat515.png,400,369,boat,117,221,142,236
boat517.png,540,486,boat,168,87,307,297
boat519.png,534,508,boat,147,119,234,203
boat52.png,400,369,boat,359,124,368,135
boat52.png,400,369,boat,173,179,179,189
boat52.png,400,369,boat,11,194,19,204
boat520.png,416,436,boat,153,150,221,239
boat521.png,416,358,boat,106,106,158,163
boat522.png,400,243,boat,383,114,393,129
boat522.png,400,243,boat,327,104,340,122
boat522.png,400,243,boat,266,115,278,131
boat522.png,400,243,boat,243,66,254,80
boat522.png,400,243,boat,339,54,351,72
boat522.png,400,243,boat,341,4,351,20
boat522.png,400,243,boat,276,32,292,49
boat522.png,400,243,boat,238,19,248,30
boat523.png,418,408,boat,194,143,244,231
boat525.png,398,372,boat,106,90,201,179
boat526.png,492,520,boat,133,102,325,286
boat527.png,578,568,boat,303,157,375,254
boat528.png,566,538,boat,200,146,504,205
boat529.png,478,452,boat,192,116,331,247
boat53.png,400,243,boat,19,15,22,21
boat532.png,486,434,boat,224,159,283,210
boat533.png,400,381,boat,156,103,188,159
boat534.png,400,243,boat,344,197,352,201
boat534.png,400,243,boat,338,167,349,171
boat534.png,400,243,boat,374,167,384,171
boat534.png,400,243,boat,383,138,392,142
boat534.png,400,243,boat,340,133,353,138
boat534.png,400,243,boat,368,118,379,122
boat534.png,400,243,boat,304,113,315,117
boat534.png,400,243,boat,372,88,374,91
boat534.png,400,243,boat,373,85,384,90
boat534.png,400,243,boat,334,90,350,96
boat534.png,400,243,boat,296,86,309,92
boat534.png,400,243,boat,311,55,321,60
boat534.png,400,243,boat,336,48,347,54
boat534.png,400,243,boat,362,61,370,65
boat534.png,400,243,boat,387,56,395,60
boat534.png,400,243,boat,378,16,390,21
boat534.png,400,243,boat,346,16,355,20
boat534.png,400,243,boat,316,15,325,18
boat534.png,400,243,boat,293,27,303,32
boat534.png,400,243,boat,105,74,113,77
boat534.png,400,243,boat,22,157,35,163
boat534.png,400,243,boat,7,216,14,219
boat535.png,400,345,boat,123,95,153,141
boat536.png,446,448,boat,139,69,211,202
boat537.png,308,304,boat,177,141,235,216
boat538.png,244,214,boat,176,7,234,53
boat539.png,400,388,boat,130,29,242,101
boat539.png,400,388,boat,299,27,384,83
boat539.png,400,388,boat,270,54,352,116
boat539.png,400,388,boat,248,89,338,157
boat539.png,400,388,boat,193,174,299,245
boat539.png,400,388,boat,64,101,188,186
boat54.png,400,388,boat,92,101,185,207
boat540.png,474,428,boat,81,114,122,206
boat540.png,474,428,boat,386,209,417,266
boat541.png,400,356,boat,366,178,368,181
boat541.png,400,356,boat,181,118,186,123
boat541.png,400,356,boat,80,233,91,238
boat541.png,400,356,boat,63,206,72,209
boat541.png,400,356,boat,162,53,171,57
boat542.png,580,548,boat,193,85,296,328
boat543.png,578,568,boat,221,166,309,256
boat544.png,532,508,boat,107,116,245,166
boat545.png,516,494,boat,196,164,268,196
boat546.png,362,342,boat,189,109,243,192
boat548.png,304,258,boat,95,95,179,131
boat549.png,228,204,boat,112,90,146,148
boat55.png,400,387,boat,185,154,225,179
boat550.png,458,444,boat,249,1,337,100
boat550.png,458,444,boat,107,79,270,208
boat552.png,400,366,boat,145,114,274,208
boat553.png,400,372,boat,109,102,212,157
boat554.png,308,258,boat,71,127,187,164
boat555.png,406,370,boat,310,205,384,234
boat555.png,406,370,boat,112,36,168,112
boat556.png,378,336,boat,230,186,309,243
boat557.png,536,512,boat,228,126,281,358
boat558.png,400,243,boat,187,99,196,110
boat559.png,442,436,boat,268,79,362,177
boat559.png,442,436,boat,145,183,265,305
boat56.png,400,430,boat,163,292,225,360
boat56.png,400,430,boat,205,118,314,175
boat560.png,400,243,boat,176,158,179,160
boat560.png,400,243,boat,42,72,106,104
boat562.png,400,387,boat,134,92,306,267
boat563.png,534,592,boat,159,112,207,164
boat564.png,400,369,boat,396,153,397,155
boat564.png,400,369,boat,331,291,332,293
boat564.png,400,369,boat,325,309,329,332
boat564.png,400,369,boat,194,280,203,316
boat564.png,400,369,boat,12,125,15,126
boat564.png,400,369,boat,62,41,73,80
boat564.png,400,369,boat,23,23,24,24
boat565.png,400,356,boat,268,255,272,259
boat565.png,400,356,boat,120,168,124,172
boat566.png,359,400,boat,176,77,290,196
boat567.png,316,298,boat,151,80,229,118
boat568.png,462,442,boat,177,133,220,215
boat57.png,400,370,boat,105,101,338,158
boat570.png,330,450,boat,165,186,223,341
boat571.png,416,418,boat,68,49,145,85
boat572.png,484,498,boat,284,140,454,298
boat573.png,502,454,boat,1,345,30,427
boat573.png,502,454,boat,123,122,197,164
boat573.png,502,454,boat,236,282,291,364
boat574.png,536,504,boat,228,201,310,257
boat575.png,452,422,boat,135,142,190,183
boat576.png,404,374,boat,96,96,272,217
boat577.png,468,420,boat,101,111,204,239
boat578.png,436,402,boat,234,129,296,258
boat579.png,400,243,boat,9,29,17,38
boat579.png,400,243,boat,7,180,9,182
boat579.png,400,243,boat,6,182,10,190
boat579.png,400,243,boat,28,187,33,202
boat579.png,400,243,boat,99,164,100,166
boat579.png,400,243,boat,98,166,104,173
boat579.png,400,243,boat,135,217,141,227
boat579.png,400,243,boat,84,218,88,229
boat579.png,400,243,boat,26,226,29,227
boat579.png,400,243,boat,20,227,29,240
boat58.png,376,312,boat,65,48,108,124
boat580.png,562,542,boat,402,183,523,310
boat580.png,562,542,boat,106,139,283,263
boat581.png,400,364,boat,193,138,234,170
boat583.png,394,440,boat,151,91,236,141
boat584.png,294,288,boat,108,130,158,175
boat585.png,400,369,boat,311,17,315,19
boat585.png,400,369,boat,253,31,260,35
boat585.png,400,369,boat,229,30,232,33
boat585.png,400,369,boat,355,140,357,145
boat585.png,400,369,boat,181,286,185,289
boat585.png,400,369,boat,39,254,50,260
boat585.png,400,369,boat,89,297,97,302
boat586.png,474,496,boat,216,102,344,256
boat587.png,448,424,boat,130,134,203,198
boat588.png,400,380,boat,158,165,233,189
boat588.png,400,380,boat,98,70,227,102
boat589.png,454,456,boat,241,73,311,140
boat59.png,506,516,boat,300,186,384,316
boat590.png,400,243,boat,344,36,382,73
boat590.png,400,243,boat,325,66,379,118
boat590.png,400,243,boat,301,226,303,228
boat591.png,546,468,boat,190,82,422,270
boat592.png,438,454,boat,255,190,340,286
boat593.png,290,272,boat,90,108,147,148
boat594.png,400,243,boat,203,137,216,145
boat594.png,400,243,boat,207,121,220,127
boat594.png,400,243,boat,223,123,232,129
boat594.png,400,243,boat,233,88,248,96
boat594.png,400,243,boat,219,83,230,89
boat594.png,400,243,boat,163,99,175,104
boat594.png,400,243,boat,180,99,188,105
boat594.png,400,243,boat,180,94,188,99
boat594.png,400,243,boat,167,78,178,84
boat594.png,400,243,boat,183,76,195,82
boat594.png,400,243,boat,186,65,198,71
boat594.png,400,243,boat,146,209,159,216
boat594.png,400,243,boat,136,195,148,201
boat594.png,400,243,boat,153,131,165,137
boat594.png,400,243,boat,120,132,130,137
boat594.png,400,243,boat,132,92,141,97
boat594.png,400,243,boat,122,82,132,86
boat594.png,400,243,boat,134,88,143,92
boat594.png,400,243,boat,135,78,144,83
boat594.png,400,243,boat,124,78,131,82
boat594.png,400,243,boat,137,72,148,77
boat594.png,400,243,boat,140,68,146,72
boat594.png,400,243,boat,142,53,154,58
boat594.png,400,243,boat,143,48,153,54
boat594.png,400,243,boat,145,43,154,48
boat594.png,400,243,boat,147,40,153,43
boat594.png,400,243,boat,132,49,138,52
boat594.png,400,243,boat,132,29,144,38
boat594.png,400,243,boat,97,12,106,18
boat594.png,400,243,boat,97,17,106,23
boat594.png,400,243,boat,91,23,100,29
boat594.png,400,243,boat,90,27,101,36
boat594.png,400,243,boat,85,38,92,43
boat594.png,400,243,boat,81,44,91,51
boat594.png,400,243,boat,83,52,91,56
boat594.png,400,243,boat,76,48,84,52
boat594.png,400,243,boat,74,62,84,67
boat594.png,400,243,boat,70,133,87,138
boat594.png,400,243,boat,66,162,81,166
boat595.png,280,262,boat,146,70,194,150
boat596.png,400,361,boat,104,98,291,180
boat597.png,406,410,boat,143,209,322,284
boat598.png,400,358,boat,172,130,223,171
boat599.png,576,594,boat,259,177,360,371
boat6.png,400,369,boat,202,138,232,271
boat60.png,442,472,boat,253,193,317,286
boat600.png,400,346,boat,114,107,152,158
boat601.png,466,486,boat,169,370,317,443
boat601.png,466,486,boat,214,269,301,305
boat602.png,542,508,boat,244,189,350,289
boat603.png,580,558,boat,213,201,355,345
boat604.png,232,242,boat,116,103,160,151
boat605.png,392,400,boat,191,183,224,322
boat606.png,468,440,boat,171,139,211,225
boat608.png,400,369,boat,74,236,79,239
boat608.png,400,369,boat,200,170,203,172
boat608.png,400,369,boat,347,106,354,111
boat609.png,412,414,boat,215,204,299,334
boat61.png,406,398,boat,153,121,228,152
boat610.png,394,400,boat,89,246,117,266
boat610.png,394,400,boat,120,130,278,309
boat611.png,440,440,boat,301,166,358,235
boat612.png,348,332,boat,285,268,334,313
boat612.png,348,332,boat,144,126,206,181
boat613.png,400,369,boat,21,284,26,286
boat613.png,400,369,boat,112,271,114,272
boat613.png,400,369,boat,103,271,113,274
boat613.png,400,369,boat,366,188,383,206
boat613.png,400,369,boat,381,228,386,234
boat613.png,400,369,boat,380,261,388,277
boat613.png,400,369,boat,371,294,380,303
boat613.png,400,369,boat,370,301,375,307
boat613.png,400,369,boat,367,304,375,311
boat613.png,400,369,boat,352,281,362,289
boat613.png,400,369,boat,345,273,361,287
boat613.png,400,369,boat,343,268,357,281
boat613.png,400,369,boat,338,266,349,277
boat613.png,400,369,boat,330,259,340,269
boat613.png,400,369,boat,319,248,333,260
boat613.png,400,369,boat,316,244,327,254
boat613.png,400,369,boat,310,236,321,246
boat613.png,400,369,boat,311,258,318,264
boat613.png,400,369,boat,316,263,323,271
boat613.png,400,369,boat,328,277,333,282
boat613.png,400,369,boat,344,294,349,299
boat613.png,400,369,boat,317,303,325,310
boat613.png,400,369,boat,321,306,328,313
boat613.png,400,369,boat,324,309,331,316
boat613.png,400,369,boat,326,313,334,319
boat613.png,400,369,boat,331,319,338,326
boat613.png,400,369,boat,336,333,340,336
boat613.png,400,369,boat,340,330,344,334
boat613.png,400,369,boat,317,315,321,319
boat613.png,400,369,boat,303,287,306,291
boat613.png,400,369,boat,303,288,311,295
boat613.png,400,369,boat,297,282,305,289
boat613.png,400,369,boat,289,272,297,279
boat613.png,400,369,boat,284,266,291,273
boat613.png,400,369,boat,278,258,287,266
boat613.png,400,369,boat,272,252,281,260
boat613.png,400,369,boat,269,247,279,256
boat613.png,400,369,boat,263,242,274,254
boat613.png,400,369,boat,273,240,277,244
boat613.png,400,369,boat,222,230,225,233
boat613.png,400,369,boat,221,229,225,232
boat613.png,400,369,boat,219,225,223,229
boat613.png,400,369,boat,213,234,222,241
boat613.png,400,369,boat,217,242,221,246
boat613.png,400,369,boat,219,245,225,249
boat613.png,400,369,boat,221,249,227,253
boat613.png,400,369,boat,226,258,230,262
boat613.png,400,369,boat,229,262,233,266
boat613.png,400,369,boat,233,252,251,282
boat613.png,400,369,boat,256,273,295,340
boat613.png,400,369,boat,273,329,277,333
boat613.png,400,369,boat,270,326,273,328
boat613.png,400,369,boat,260,327,264,330
boat613.png,400,369,boat,236,315,257,328
boat613.png,400,369,boat,260,328,289,367
boat613.png,400,369,boat,117,325,120,327
boat613.png,400,369,boat,111,321,120,325
boat613.png,400,369,boat,74,354,82,357
boat613.png,400,369,boat,39,321,44,323
boat613.png,400,369,boat,1,345,6,348
boat614.png,588,584,boat,255,232,333,334
boat615.png,446,444,boat,298,176,333,215
boat616.png,406,374,boat,145,126,233,172
boat617.png,434,368,boat,74,308,144,366
boat618.png,400,370,boat,157,110,227,270
boat619.png,468,476,boat,364,284,399,369
boat619.png,468,476,boat,234,278,281,381
boat62.png,400,243,boat,295,49,338,60
boat620.png,444,440,boat,74,78,218,199
boat621.png,254,254,boat,80,43,198,87
boat622.png,400,376,boat,102,146,278,195
boat623.png,432,402,boat,210,118,239,176
boat623.png,432,402,boat,159,187,194,240
boat625.png,346,318,boat,179,47,266,100
boat626.png,254,208,boat,89,44,153,71
boat627.png,400,243,boat,343,41,349,51
boat627.png,400,243,boat,330,113,331,114
boat627.png,400,243,boat,329,114,334,121
boat627.png,400,243,boat,362,129,368,138
boat627.png,400,243,boat,342,135,343,137
boat627.png,400,243,boat,341,136,344,141
boat627.png,400,243,boat,316,93,320,100
boat627.png,400,243,boat,292,43,296,54
boat627.png,400,243,boat,249,118,251,119
boat627.png,400,243,boat,251,90,254,99
boat627.png,400,243,boat,295,137,300,146
boat627.png,400,243,boat,279,120,284,129
boat627.png,400,243,boat,260,121,265,129
boat627.png,400,243,boat,236,111,240,119
boat627.png,400,243,boat,233,128,235,134
boat627.png,400,243,boat,249,140,253,144
boat627.png,400,243,boat,270,152,276,161
boat627.png,400,243,boat,246,164,252,171
boat627.png,400,243,boat,214,5,217,7
boat627.png,400,243,boat,236,12,239,14
boat627.png,400,243,boat,234,51,236,52
boat627.png,400,243,boat,236,13,241,28
boat627.png,400,243,boat,214,75,219,84
boat627.png,400,243,boat,228,52,236,66
boat627.png,400,243,boat,204,55,209,65
boat627.png,400,243,boat,214,6,218,15
boat627.png,400,243,boat,119,93,121,96
boat627.png,400,243,boat,111,63,113,66
boat627.png,400,243,boat,106,48,113,64
boat627.png,400,243,boat,108,91,119,96
boat627.png,400,243,boat,61,22,66,29
boat627.png,400,243,boat,81,153,87,158
boat627.png,400,243,boat,54,130,63,134
boat627.png,400,243,boat,37,115,41,121
boat627.png,400,243,boat,73,101,82,106
boat627.png,400,243,boat,76,69,84,74
boat627.png,400,243,boat,45,58,51,66
boat627.png,400,243,boat,2,57,6,67
boat627.png,400,243,boat,289,168,296,176
boat627.png,400,243,boat,313,180,315,182
boat627.png,400,243,boat,315,183,320,189
boat627.png,400,243,boat,307,205,310,209
boat627.png,400,243,boat,260,181,263,185
boat627.png,400,243,boat,275,213,280,218
boat627.png,400,243,boat,219,170,223,174
boat627.png,400,243,boat,191,135,195,141
boat627.png,400,243,boat,141,144,145,149
boat627.png,400,243,boat,134,223,144,232
boat628.png,314,288,boat,146,116,182,183
boat629.png,400,243,boat,373,83,381,87
boat629.png,400,243,boat,220,27,229,38
boat629.png,400,243,boat,69,191,160,218
boat63.png,400,375,boat,114,98,163,152
boat630.png,484,432,boat,288,304,411,367
boat633.png,462,448,boat,215,217,339,302
boat634.png,400,369,boat,238,318,249,324
boat634.png,400,369,boat,381,150,394,155
boat634.png,400,369,boat,8,32,29,41
boat635.png,394,400,boat,147,112,241,172
boat636.png,400,400,boat,109,119,273,199
boat637.png,446,444,boat,140,167,295,306
boat638.png,520,504,boat,214,142,268,244
boat64.png,400,386,boat,67,95,96,125
boat64.png,400,386,boat,92,110,310,205
boat641.png,394,446,boat,97,298,158,342
boat642.png,528,520,boat,227,195,358,323
boat643.png,374,368,boat,244,269,301,304
boat643.png,374,368,boat,161,110,220,135
boat644.png,332,302,boat,132,152,281,219
boat645.png,584,592,boat,336,196,416,459
boat646.png,488,492,boat,198,184,301,279
boat647.png,568,564,boat,146,192,391,348
boat648.png,400,358,boat,219,140,245,179
boat649.png,564,528,boat,172,88,226,284
boat65.png,400,243,boat,133,141,156,177
boat65.png,400,243,boat,236,187,259,200
boat65.png,400,243,boat,268,193,282,199
boat65.png,400,243,boat,281,193,303,200
boat65.png,400,243,boat,306,186,332,194
boat651.png,400,369,boat,305,49,307,52
boat651.png,400,369,boat,82,51,85,54
boat651.png,400,369,boat,67,92,78,148
boat651.png,400,369,boat,291,304,295,307
boat652.png,400,243,boat,117,18,171,197
boat653.png,324,204,boat,142,120,175,180
boat654.png,444,402,boat,134,122,188,164
boat655.png,552,500,boat,133,152,265,211
boat656.png,356,350,boat,75,84,184,184
boat657.png,400,382,boat,165,145,250,287
boat658.png,312,306,boat,155,146,182,188
boat659.png,342,332,boat,137,138,176,161
boat66.png,400,243,boat,27,187,34,206
boat66.png,400,243,boat,21,227,29,240
boat66.png,400,243,boat,6,179,12,192
boat66.png,400,243,boat,9,29,18,39
boat66.png,400,243,boat,83,218,89,230
boat66.png,400,243,boat,134,217,141,227
boat660.png,400,369,boat,386,140,388,142
boat660.png,400,369,boat,81,44,89,80
boat660.png,400,369,boat,211,73,216,96
boat660.png,400,369,boat,135,320,144,344
boat660.png,400,369,boat,226,209,233,234
boat660.png,400,369,boat,305,162,308,163
boat660.png,400,369,boat,218,55,219,57
boat661.png,374,334,boat,127,185,165,209
boat661.png,374,334,boat,157,110,221,173
boat662.png,526,516,boat,282,213,430,373
boat663.png,492,454,boat,170,99,247,155
boat663.png,492,454,boat,198,128,278,192
boat664.png,400,312,boat,171,118,189,187
boat665.png,438,414,boat,158,296,236,360
boat665.png,438,414,boat,230,249,283,313
boat665.png,438,414,boat,272,188,328,256
boat666.png,336,344,boat,91,140,172,179
boat669.png,430,404,boat,37,91,125,185
boat67.png,400,243,boat,13,153,19,157
boat67.png,400,243,boat,124,104,129,108
boat67.png,400,243,boat,138,43,142,48
boat67.png,400,243,boat,165,25,175,30
boat670.png,422,384,boat,101,143,173,186
boat671.png,418,426,boat,145,247,206,283
boat672.png,422,364,boat,181,138,229,227
boat673.png,272,270,boat,131,70,156,130
boat675.png,362,354,boat,129,200,236,255
boat676.png,314,324,boat,40,78,134,187
boat677.png,400,243,boat,385,106,396,116
boat677.png,400,243,boat,357,116,363,129
boat677.png,400,243,boat,346,150,353,161
boat677.png,400,243,boat,270,131,281,139
boat677.png,400,243,boat,247,113,261,123
boat677.png,400,243,boat,153,132,175,151
boat677.png,400,243,boat,77,89,85,94
boat678.png,238,232,boat,101,112,153,137
boat679.png,378,350,boat,49,42,171,161
boat68.png,430,428,boat,229,163,296,197
boat680.png,397,400,boat,253,114,297,171
boat681.png,488,484,boat,158,83,213,197
boat682.png,556,528,boat,231,162,302,293
boat683.png,394,400,boat,127,160,168,197
boat685.png,452,448,boat,276,119,353,181
boat685.png,452,448,boat,212,315,304,386
boat687.png,384,350,boat,97,259,176,303
boat688.png,422,364,boat,182,138,231,233
boat689.png,328,380,boat,226,145,262,221
boat69.png,400,369,boat,62,207,76,263
boat69.png,400,369,boat,250,94,254,97
boat690.png,400,243,boat,157,140,162,146
boat690.png,400,243,boat,207,129,210,133
boat690.png,400,243,boat,286,93,290,95
boat691.png,400,366,boat,128,105,200,246
boat692.png,490,446,boat,171,123,251,189
boat693.png,460,482,boat,425,369,457,414
boat693.png,460,482,boat,198,170,269,292
boat7.png,400,243,boat,19,14,29,32
boat7.png,400,243,boat,99,94,111,101
boat7.png,400,243,boat,77,104,89,113
boat7.png,400,243,boat,61,212,72,225
boat7.png,400,243,boat,187,171,196,181
boat7.png,400,243,boat,202,122,215,131
boat7.png,400,243,boat,246,103,261,114
boat7.png,400,243,boat,274,80,290,89
boat7.png,400,243,boat,256,49,271,60
boat70.png,318,348,boat,160,72,198,142
boat71.png,400,377,boat,231,65,261,143
boat71.png,400,377,boat,82,187,112,257
boat72.png,374,332,boat,135,139,219,169
boat73.png,397,400,boat,76,40,113,95
boat73.png,397,400,boat,241,57,290,126
boat73.png,397,400,boat,176,211,209,264
boat74.png,418,390,boat,80,143,188,199
boat75.png,400,243,boat,322,188,392,217
boat75.png,400,243,boat,263,54,325,88
boat76.png,520,462,boat,137,121,268,266
boat77.png,454,468,boat,346,248,417,291
boat77.png,454,468,boat,187,98,293,161
boat78.png,240,242,boat,136,108,166,154
boat79.png,400,369,boat,83,294,99,306
boat79.png,400,369,boat,38,255,51,261
boat8.png,400,312,boat,164,160,203,217
boat80.png,442,460,boat,213,243,261,352
boat81.png,400,374,boat,115,95,300,285
boat82.png,506,458,boat,191,154,231,199
boat83.png,500,488,boat,152,152,291,229
boat84.png,426,416,boat,268,195,363,302
boat84.png,426,416,boat,96,196,172,315
boat85.png,400,369,boat,159,125,167,134
boat86.png,338,344,boat,184,101,213,164
boat87.png,400,243,boat,24,114,36,135
boat87.png,400,243,boat,205,152,213,161
boat88.png,372,336,boat,101,78,124,121
boat89.png,440,364,boat,37,100,135,136
boat9.png,342,332,boat,199,145,293,219
boat90.png,400,330,boat,189,132,210,171
boat91.png,400,312,boat,270,247,357,305
boat91.png,400,312,boat,107,89,175,154
boat91.png,400,312,boat,22,6,69,51
boat91.png,400,312,boat,50,141,54,145
boat92.png,504,486,boat,175,164,279,281
boat93.png,460,482,boat,198,171,268,302
boat93.png,460,482,boat,426,372,458,415
boat94.png,428,378,boat,168,74,202,145
boat94.png,428,378,boat,320,97,343,152
boat94.png,428,378,boat,356,258,406,316
boat94.png,428,378,boat,182,255,225,328
boat95.png,540,534,boat,287,100,425,244
boat95.png,540,534,boat,89,197,186,316
boat96.png,484,442,boat,263,149,314,210
boat97.png,508,492,boat,150,134,222,264
boat98.png,436,424,boat,187,138,275,241
boat99.png,372,388,boat,298,205,341,310
